year,uninsured_%,gdp_thousands_$,pop_millions,pop_insured
1995,12.53469387755102,38.01,266.28,232.90261714285714
2000,13.042307692307693,44.63,282.16,245.35982461538467
2005,15.245283018867926,47.96,295.52,250.4671396226415
2010,15.5,47.86,308.11,260.35295
2015,9.4,51.22,319.7,289.6482
